,제목,본문
0,자화상(自畵像),"
​
自畵像



산모퉁이를 돌아 논가 외딴우물을 홀로 찾어가선 가만히 들여다봅니다.

우물속에는 달이 밝고 구름이 흐르고 하늘이 펼치고 파아란 바람이 불고 가을이 있습니다.

그리고 한 사나이가 있습니다.
어쩐지 그 사나이가 미워저 돌아갑니다.

돌아가다 생각하니 그 사나이가 가엾어집니다. 도로 가 들여다 보니 사나이는 그대로 있습니다.

다시 그 사나이가 미워져 돌아갑니다.
돌아가다 생각하니 그 사나이가 그리워집니다.


 ​
우물속에는 달이 밝고 구름이 흐르고 하늘이 펼치고 파아란 바람이 불고 가을이 있고 追憶처럼 사나이가 있습니다.


(1939.2) 
"
1,소년(少年),"
​
少年



여기저기서 단풍잎 같은 슬픈가을이 뚝뚝 떨어진다. 단풍잎 떨어저 나온 자리마다 봄을 마련해 놓고 나무가지 우에 하늘이 펼처있다. 가만이 하늘을 들여다 보려면 눈섭에 파란 물감이 든다. 두손으로 따뜻한 볼을 쓰서보면 손바닥에도 파란 물감이 묻어난다. 다시 손바닥을 들여다 본다. 손금에는 맑은 강물이 흐르고, 맑은 강물이 흐르고, 강물속에는 사랑처럼 슬픈얼골― 아름다운 順伊의 얼골이 어린다. 少年은 황홀이 눈을 감어 본다. 그래도 맑은 강물은 흘러 사랑처럼 슬픈얼골― 아름다운 順伊의 얼골은 어린다.


(1939) 
"
2,눈 오는 지도(地圖),"
​
눈 오는 地圖



順伊가 떠난다는 아츰에 말못할 마음으로 함박눈이 나려, 슬픈것 처럼 窓밖에 아득히 깔린 地圖우에 덮인다. 

房안을 돌아다 보아야 아무도 없다. 壁과 天井이 하얗다. 房안에까지 눈이 나리는 것일까, 정말 너는 잃어버린 歷史처럼 홀홀이 가는것이냐. 떠나기前에 일러둘말이 있든것을 편지를 써서도 네가 가는 곳을 몰라 어느 거리, 어느 마을, 어느 지붕밑, 너는 내 마음속에만 남어 있는 것이냐. 네 쪼고만 발자욱을 눈이 작고 나려 덮어 따라갈수도 없다. 눈이 녹으면 남은 발자욱 자리마다 꽃이 피리니 꽃사이로 발자욱을 찾어 나서면 一年열두달 하냥 내 마음에는 눈이 나리리라.


(1941. 3. 12) 
"
3,돌아와 보는 밤,"
​
돌아와 보는 밤



세상으로부터 돌아오듯이 이제 내 좁은 방에 돌아와 불을 끄옵니다. 불을 켜두는것은 너무나 괴로롭은 일이옵니다. 그것은 낮의 延長이옵기에―
 
이제 窓을 열어 空氣를 바꾸어 들여야할터인데 밖을 가만히 내다 보아야 房안과 같이 어두어 꼭 세상같은데 비를 맞고 오든 길이 그대로 비속에 젖어 있사옵니다.
 
하로의 울분을 씻을바 없어 가만히 눈을 감으면 마음속으로 흐르는 소리, 이제, 思想이 능금처럼 저절로 익어 가옵니다.


(1941. 6) 
"
4,병원(病院),"
​
病院



살구나무 그늘로 얼골을 가리고 病院 뒷뜰에 누워, 젊은 女子가 흰옷 아래로 하얀 다리를 드러내 놓고 日光浴을 한다. 한나절이 기울도록 가슴을 앓는다는 이 女子를 찾어 오는 이, 나비 한마리도 없다. 슬프지도 않은 살구나무가지에는 바람조차 없다.

나도 모를 아픔을 오래 참다 처음으로 이 곳에 찾어 왔다. 그러나 나의 늙은 의사는 젊은이의 病을 모른다. 나한테는 病이 없다고 한다. 이 지나친 試鍊, 이 지나친 疲勞, 나는 성내서는 안된다.

女子는 자리에서 일어나 옷깃을 여미고 花壇에서 金盞花 한포기를 따 가슴에 꼽고 病室안으로 살어진다. 나는 그 女子의 健康이― 아니 내 健康도 速

 ​
히 回復되기를 바라며 그가 누웠던 자리에 누워 본다.


(1940. 12) 
"
5,새로운 길,"
​
새로운 길



내를 건너서 숲으로 
고개를 넘어서 마을로 

어제도 가고 오늘도 갈 
나의 길 새로운 길 

문들레가 피고 까치가 날고 
아가씨가 지나고 바람이 일고 

나의 길은 언제나 새로운 길 
오늘도…… 내일도…… 

내를 건너서 숲으로 
고개를 넘어서 마을로


(1938. 5. 10) 
"
6,간판(看板)없는 거리,"
​
看板없는 거리



停車場 푸렡폼에
나렸을 때 아무도 없어.
 
다들 손님들뿐.
손님같은 사람들뿐.
 
집집마다 看板이 없어
집 찾을 근심이 없어
 
빨갛게
파랗게
불 붙는 文字도 없이
 
모퉁이마다

 ​
慈愛로운 헌 瓦斯燈에
불을 혀놓고,
 
손목을 잡으면
다들, 어진사람들
다들, 어진사람들
 
봄, 여름, 가을, 겨울,
순서로 돌아들고.


(1941) 
"
7,태초(太初)의 아츰,"
​
太初의 아츰



봄날 아츰도 아니고
여름, 가을, 겨울,
그런날 아츰도 아닌 아츰에

빨—간 꽃이 피어났네,
햇빛이 푸른데,

그 前날 밤에
그 前날 밤에
모든것이 마련되었네,

사랑은 뱀과 함께
毒은 어린 꽃과 함께


"
8,또 태초(太初)의 아츰,"
​
또 太初의 아츰



하얗게 눈이 덮이었고
電信柱가 잉잉 울어
하나님 말씀이 들려온다.

무슨 啓示일까.

빨리
봄이 오면
罪를 짓고
눈이 밝어

이브가 解産하는 수고를 다하면

無花果 잎사귀로 부끄런데를 가리고

나는 이마에 땀을 흘려야겠다.


"
9,새벽이 올때까지,"
​
새벽이 올때까지



다들 죽어가는 사람들에게
검은 옷을 입히시요.

다들 살어가는 사람들에게
흰 옷을 입히시요.

그리고 한 寢室에
가즈런히 잠을 재우시요.

다들 울거들랑
젖을 먹이시오.

이제 새벽이 오면
나팔소리 들려 올게외다.


(1941. 5) 
"
10,무서운 시간(時間),"
​
무서운 時間



거 나를 부르는 것이 누구요.

가랑잎 이파리 푸르러 나오는 그늘인데,
나 아직 여기 呼吸이 남어 있소.

한번도 손들어 보지못한 나를
손들어 표할 하늘도 없는 나를

어디에 내 한몸둘 하늘이 있어
나를 부르는 것이오.

일이 마치고 내 죽는 날 아츰에는
서럽지도 않은 가랑잎이 떨어질텐데……

나를 부르지마오.


(1941. 2. 7) 
"
11,십자가(十字架),"
​
十字架



쫓아오든 햇빛인데
지금 敎會堂 꼭대기
十字架에 걸리었습니다.

尖塔이 저렇게도 높은데
어떻게 올라갈수 있을가요.

鐘소리도 들려오지 않는데
휘파람이나 불며 서성거리다가,

괴로왔든 사나이.
幸福한 예수 • 그리스도에게
처럼
十字架가 許諾된다면



​
목아지를 드리우고
꽃처럼 피여나는 피를
어두어가는 하늘밑에
조용히 흘리겠습니다.


(1941. 5. 31) 
"
12,바람이 불어,"
​
바람이 불어



바람이 어디로부터 불어와
어디로 불려가는 것일까,

바람이 부는데
내 괴로움에는 理由가 없다.

내 괴로움에는 理由가 없을까.

단 한女子를 사랑한 일도 없다.
時代를 슬퍼한 일도 없다.

바람이 자꼬 부는데
내발이 반석우에 섰다.



​
강물이 자꼬 흐르는데
내발이 언덕우에 섰다.


(1941. 6. 2) 
"
13,슬픈 족속(族屬),"
​
슬픈 族屬



흰 수건이 검은 머리를 두르고
흰 고무신이 거츤발에 걸리우다.

흰 저고리 치마가 슬픈 몸집을 가리고
흰 띄가 가는 허리를 질끈 동이다.


(1938. 9) 
"
14,눈감고 간다,"
​
눈감고 간다



太陽을 사모하는 아이들아
별을 사랑하는 아이들아
 
밤이 어두었는데
눈감고 가거라.
 
가진바 씨앗을
뿌리면서 가거라.
 
발뿌리에 돌이 채이거든
감었든 눈을 와짝떠라.


(1941. 5. 31) 
"
15,또 다른 고향(故鄕),"
​
또 다른 故鄕



故鄕에 돌아온날 밤에
내 白骨이 따라와 한방에 누웠다.

어둔 房은 宇宙로 通하고
하늘에선가 소리처럼 바람이 불어온다.

어둠속에 곱게 風化作用하는
白骨을 들여다 보며
눈물 짓는것이 내가 우는것이냐
白骨이 우는것이냐
아름다운 魂이 우는것이냐

志操 높은 개는
밤을 새워 어둠을 짖는다.

 ​
어둠을 짖는 개는
나를 쫓는 것일게다.

가자 가자
쫓기우는 사람처럼 가자
白骨몰래
아름다운 또 다른 故鄕에 가자.


(1941. 9) 
"
16,길,"
​
길



잃어 버렸읍니다.
무얼 어디다 잃었는지 몰라
두손이 호주머니를 더듬어
길에 나아갑니다.

돌과 돌과 돌이 끝없이 연달어
길은 돌담을 끼고 갑니다.

담은 쇠문을 굳게 닫어
길우에 긴 그림자를 드리우고

길은 아츰에서 저녁으로
저녁에서 아츰으로 통했습니다.



​
돌담을 더듬어 눈물 짓다
쳐다보면 하늘은 부끄럽게 푸릅니다.

풀 한포기 없는 이 길을 걷는것은
담 저쪽에 내가 남어 있는 까닭이고,

내가 사는것은 다만,
잃은것을 찾는 까닭입니다.


(1941. 9. 31) 
"
17,별 헤는 밤,"
​
별 헤는 밤



季節이 지나가는 하늘에는
가을로 가득 차있읍니다.

나는 아무 걱정도 없이
가을 속의 별들을 다 헤일듯합니다.

가슴속에 하나 둘 새겨지는 별을
이제 다 못헤는것은
쉬이 아츰이 오는 까닭이오,
來日 밤이 남은 까닭이오,
아직 나의 靑春이 다하지 않은 까닭입니다.

별 하나에 追憶과
별 하나에 사랑과

 ​
별 하나에 쓸쓸함과
별 하나에 憧憬과
별 하나에 詩와
별 하나에 어머니, 어머니,

어머님, 나는 별 하나에 아름다운 말 한마디씩 불러 봅니다. 小學校 때 冊床을 같이 했든 아이들의 이름과, 佩, 鏡, 玉 이런 異國少女들의 이름과 벌써 애기 어머니 된 계집애들의 이름과, 가난한 이웃사람들의 이름과, 비둘기, 강아지, 토끼, 노새, 노루, “푸랑시스 • 쨤”, “라이넬 • 마리아 • 릴케” 이런 詩人의 이름을 불러봅니다.

이네들은 너무나 멀리 있습니다.
별이 아슬이 멀듯이,

어머님,

 ​
그리고 당신은 멀리 北間島에 계십니다.

나는 무엇인지 그리워
이 많은 별빛이 나린 언덕우에
내 이름자를 써보고,
흙으로 덮어 버리었습니다.

따는 밤을 새워 우는 버레는
부끄러운 이름을 슬퍼하는 까닭입니다.

그러나 겨울이 지나고 나의 별에도 봄이 오면
무덤 우에 파란 잔디가 피어나듯이
내 이름자 묻힌 언덕우에도
자랑처럼 풀이 무성할게외다.


(1941. 11. 5) 
"
18,흰 그림자,"
​
흰 그림자


 

黃昏이 짙어지는 길모금에서
하로종일 시들은 귀를 가만히 기울이면
땅검의 옮겨지는 발자취소리,
발자취소리를 들을수 있도록
나는 총명했든가요.
이제 어리석게도 모든 것을 깨달은 다음
오래 마음 깊은 속에
괴로워하든 수많은 나를
하나, 둘 제고장으로 돌려보내면 ​거리모통이 어둠속으로
소리없이 사라지는 흰 그림자,
흰 그림자들
연연히 사랑하든 흰 그림자들,
내 모든 것을 돌려 보낸뒤
허전히 뒷골목을 돌아
黃昏처럼 물드는 내방으로 돌아오면
信念이 깊은 으젓한 羊처럼
하로종일 시름없이 풀포기나 뜯자.




一九四二•四•一四


"
19,사랑스런 추억,"
​
사랑스런 追憶


 

봄이 오든 아침, 서울 어느 쪼그만 停車場에서
希望과 사랑처럼 汽車를 기다려,
나는 푸라트•폼에 간신한 그림자를 떨어트리고,
담배를 피웠다.
내 그림자는 담배연기 그림자를 날리고
비둘기 한떼가 부끄러울 것도 없이
나래속을 속, 속, 햇빛에 비춰, 날었다. ​汽車는 아무 새로운 소식도 없이
나를 멀리 실어다 주어,
봄은 다 가고—— 東京郊外 어느 조용한
下宿房에서, 옛거리에 남은 나를 希望과
사랑처럼 그리워한다.
오늘도 汽車는 몇번이나 無意味하게 지나가고,
오늘도 나는 누구를 기다려 停車場 가차운 언덕에서 서성거릴게다.
——아아 젊음은 오래 거기 남아 있거라.




一九四二•五•一三


"
20,흐르는 거리,"
​
흐르는 거리


 

으스럼히 안개가 흐른다. 거리가 흘러간다. 저 電車, 自動車, 모든 바퀴가 어디로 흘리워 가는 것일까? 定泊할 아무 港口도 없이, 가련한 많은 사람들을 실고서, 안개속에 잠긴 거리는,
거리 모통이 붉은 포스트상자를 붙잡고 섰을라면 모든 것이 흐르는 속에 어렴푸시 빛나는 街路燈, 꺼지지 않는 것은 무슨 象徵일까? 사랑하는 동무 朴이여!  ​그리고 金이여! 자네들은 지금 어디 있는가? 끝없이 안개가 흐르는데,
「새로운날 아침 우리 다시 情답게 손목을 잡어 보세」 몇字 적어 포스트 속에 떨어트리고, 밤을 새워 기다리면 金徽章에 金단추를 삐었고 巨人처럼 찬란히 나타나는 配達夫, 아침과 함께 즐거운 來臨,
이밤을 하염없이 안개가 흐른다.




一九四二•五•一二


"
21,쉽게 씨워진 시,"
​
쉽게 씨워진 詩


 

窓밖에 밤비가 속살거려
六疊房은 남의 나라,
詩人이란 슬픈 天命인줄 알면서도
한줄 詩를 적어 볼가,
땀내와 사랑내 포근히 품긴
보내주신 學費封套를 받어 ​大學노—트를 끼고
늙은 敎授의 講義 들으려 간다.
생각해 보면 어린때 동무를
하나, 둘, 죄다 잃어 버리고
나는 무얼 바라
나는 다만, 홀로 沈澱하는 것일가?
人生은 살기 어렵다는데
詩가 이렇게 쉽게 씨워지는 것은
부끄러운 일이다. ​六疊房은 남의 나라
窓밖에 밤비가 속살거리는데,
등불을 밝혀 어둠을 조곰 내몰고,
時代처럼 올 아침을 기다리는 最後의 나,
나는 나에게 적은 손을 내밀어
눈물과 慰安으로 잡는 最初의 握手.




一九四二•六•三


"
22,봄,"
​
봄


 

봄이 血管속에 시내처럼 흘러
돌, 돌, 시내가차운 언덕에
개나리, 진달래, 노오란 배추꽃
三冬을 참어온 나는
풀포기처럼 피어난다.
즐거운 종달새야
어느 이랑에서 즐거웁게 솟쳐라. ​푸르른 하늘은
아른아른 높기도 한데……



"
23,참회록,"
​
懺悔錄


 

파란 녹이 낀 구리거울속에
내 얼굴이 남어 있는 것은
어느 王朝의 遺物이기에
이다지도 욕될가
나는 나의 懺悔의 글을 한줄에 주리자
——滿二十四年一個月을
무슨 기쁨을 바라 살아 왔든가 ​내일이나 모레나 그 어느 즐거운 날에
나는 또 한줄의 懺悔錄을 써야한다.
——그때 그 젊은 나이에
웨 그런 부끄런 告白을 했든가
밤이면 밤마다 나의 거울을
손바닥으로 발바닥으로 닦어 보자.
그러면 어느 隕石밑으로 흘로 걸어가는
슬픈 사람의 뒷모양이
거울속에 나타나온다.




一九四二•一•二四


"
24,간,"
​
肝


 

바닷가 햇빛 바른 바위우에
습한 肝을 펴서 말리우자,
코카사쓰山中에서 도망해온 토끼처럼
둘러리를 빙빙 돌며 肝을 지키자,
내가 오래 기르든 여윈 독수리야!
와서 뜯어 먹어라, 시름없이 ​너는 살지고
나는 여위여야지, 그러나,
거북이야!
다시는 龍宮의 誘惑에 안떨어진다.
푸로메디어쓰 불상한 푸로메디어쓰
불 도적한 죄로 목에 맷돌을 달고
끝없이 沈澱하는 푸로메디어쓰,




一九四一•一一•二九


"
25,위로,"
​
慰勞


 

거미란 놈이 흉한 심보로 病院 뒷뜰 난간과 꽃밭사이 사람발이 잘 닿지 않는 곳에 그물을 쳐 놓았다. 屋外療養을 받는 젊은 사나이가 누어서 치어다 보기 바르게——
나비가 한마리 꽃밭에 날아 들다 그물에 걸리었다. 노—란 날개를 파득거려도 파득거려도 나비는 자꾸 감기우기만 한다. 거미가 쏜살같이 가더니 끝없는 끝없는 ​실을 뽑아 나비의 온몸을 감아 버린다. 사나이는 긴 한숨을 쉬었다.
나이 보담 무수한 고생끝에 때를 잃고 病을 얻은 이 사나이를 慰勞할 말이——거미줄을 헝클어 버리는 것밖에 慰勞의 말이 없었다.




一九四〇•一二•三


"
26,팔복,"
​
八福


 

마태福音 五章三—一二



슬퍼 하는자는 복이 있나니
슬퍼 하는자는 복이 있나니
슬퍼 하는자는 복이 있나니
슬퍼 하는자는 복이 있나니
슬퍼 하는자는 복이 있나니
슬퍼 하는자는 복이 있나니
슬퍼 하는자는 복이 있나니 ​슬퍼 하는자는 복이 있나니

저희가 永遠히 슬플 것이오.



"
27,못자는 밤,"
​
못자는밤


 

하나, 둘, 셋, 네
……………………
밤은

많기도 하다.

"
28,달같이,"
​
달같이


 

年輪이 자라듯이
달이 자라는 고요한 밤에
달같이 외로운 사랑이
가슴하나 뻐근히
年輪처럼 피어 나간다.




一九三九•九•


"
29,고추 밭,"
​
고추 밭


 

시들은 잎새속에서
고 빠알간 살을 드러 내 놓고,
고추는 芳年된 아가씬양
땡볕에 자꼬 익어간다.
할머니는 바구니를 들고
밭머리에서 어정거리고
손가락 너어는 아이는
할머니 뒤만 따른다.




一九三八•一〇•二六


"
30,아우의 인상화,"
​
아우의 印像畵


 

붉은 이마에 싸늘한 달이 서리어
아우의 얼굴은 슬픈 그림이다.
발걸음을 멈추어
살그머니 애딘 손을 잡으며
「늬는 자라 무엇이 되려니」
「사람이 되지」
아우의 설은 진정코 설은 對答이다. ​슬며시 잡았든 손을 놓고
아우의 얼골을 다시 들여다 본다.
싸늘한 달이 붉은 이마에 젖어
아우의 얼골은 슬픈 그림이다.




一九三八•九•一五


"
31,사랑의 전당,"
​
사랑의 殿堂


 

順아 너는 내 殿에 언제 들어왔든 것이냐?
내사 언제 네 殿에 들어갔든 것이냐?
우리들의 殿堂은
古風한 風習이 어린 사랑의 殿堂
順아 암사슴처럼 水晶눈을 나려감어라.
난 사자처럼 엉크린 머리를 고루련다. ​우리들의 사랑은 한낱 벙어리었다.
聖스런 촛대에 熱한 불이 꺼지기 前
順아 너는 앞문으로 내 달려라.
어둠과 바람이 우리窓에 부닥치기 前
나는 永遠한 사랑을 안은채
뒷문으로 멀리 사라지련다.
이제 네게는 森林속의 아늑한 湖水가 있고
내게는 峻嶮한 山脈이 있다.




一九三八•六•一九


"
32,이적,"
​
異蹟


 

발에 터부한 것을 다 빼어 바리고
黃昏이 湖水우로 걸어 오듯이
나도 삽분삽분 걸어 보리이까?
내사 이 湖水가로
부르는 이 없이
불리워 온것은
참말 異蹟이외다. ​오늘 따라
戀情, 自惚, 猜忌, 이것들이
자꼬 金메달처럼 만져지는구려
하나, 내 모든 것을 餘念없이
물결에 씻어 보내려니
당신은 湖面으로 나를 불러 내소서.




一九三八•六•一五


"
33,비오는 밤,"
​
비오는 밤


 

솨— 철석! 파도소리 문살에 부서져
잠 살포시 꿈이 흐터진다.
잠은 한낱 검은 고래떼처럼 살래어,
달랠 아무런 재주도 없다.
불을 밝혀 잠옷을 정성스리 여미는
三更.
念願. ​憧憬의 땅 江南에 또 洪水질것만 싶어,
바다의 鄕愁보다 더 호젓해진다.




一九三八•六•十一


"
34,산골물,"
​
산골물


 

괴로운 사람아 괴로운 사람아
옷자락 물결속에서도
가슴속 깊이 돌돌 샘물이 홀러
이밤을 더부러 말할이 없도다.
거리의 소음과 노래 부를수 없도다.
그신듯이 냇가에 앉았으니
사랑과 일을 거리에 매끼고 ​가만히 가만히
바다로 가자,
바다로 가자,



"
35,유언,"
​
遺言


 

후어—ㄴ한 房에
遺言은 소리 없는 입놀림.
바다에 眞珠캐려 갔다는 아들
海女와 사랑을 속사긴다는 맏아들
이밤에사 돌아 오나 내다 봐라——
平生 외롭든 아버지의 殞命
감기우는 눈에 슬픔이 어린다. ​외딴집에 개가 짖고
휘양찬 달이 문살에 흐르는 밤.




一九三七•一〇•二四


"
36,창,"
​
窓


 

쉬는 時間마다
나는 窓옄으로 갑니다.
——窓은 산 가르침.
이글이글 불을 피워주소,
이방에 찬것이 서립니다.
단풍잎 하나 ​맴 도나 보니
아마도 작으마한 旋風이 인게웨다.
그래도 싸느란 유리창에
햇살이 쨍쨍한 무렵,
上學鐘이 울어만 싶습니다.




一九三七•一〇


"
37,바다,"
​
바다


 

실어다 뿌리는
바람 조차 씨원타.
솔나무 가지마다 샛춤히
고개를 돌리어 뻐들어지고,
밀치고
밀치운다. ​이랑을 넘는 물결은
푹포처럼 피어오른다.
海邊에 아이들이 모인다
찰찰 손을 싯고 구보로.
바다는 자꼬 섧어진다.
갈매기의 노래에………
돌아다 보고 돌아다 보고
돌아가는 오늘의 바다여!




一九三七•九•元山松濤園에서


"
38,비로봉,"
​
毘盧峰


 

萬象을
굽어 보기란——
무릎이
오들오들 떨린다.
白樺
어려서 늙었다.
새가
나비가 된다. ​정말 구름이
비가 된다.
옷 자락이
칩다.




一九三七•九•


"
39,산협의 오후,"
​
山峽의 午後


 

내 노래는 오히려
섫은 산울림.
골자기 길에
떨어진 그림자는
너무나 슬프구나
午後의 瞑想은
아— 졸려.




一九三七•九•


"
40,명상,"
​
瞑想


 

가츨가츨한 머리칼은 오막사리 처마끝,
쉬파람에 콧마루가 서운한양 간질키오.
들窓같은 눈은 가볍게 닫혀
이밤에 戀情은 어둠처럼 골골히 스며드오.




一九三七•八•二〇


"
41,소낙비,"
​
소낙비


 

번개, 뇌성, 왁자지근 뚜다려
머—ㄴ 都會地에 落雷가 있어만 싶다.
벼루짱 엎어논 하늘로
살같은 비가 살처럼 쏟아진다.
손바닥만한 나의 庭園이
마음같이 흐린 湖水되기 일수다. ​바람이 팽이처럼 돈다.
나무가 머리를 이루 잡지 못한다.
내 敬虔한 마음을 모셔드려
노아때 하늘을 한모금 마시다.




一九三七•八•九


"
42,한란계,"
​
寒暖計


 

싸늘한 大理石 기둥에 목아지를 비틀어맨 寒暖計,
문득 들여다 볼수 있는 運命한 五尺六寸의 허리 가는 水銀柱,
마음은 琉璃管보다 맑소이다.
血管이 單調로워 神經質인 輿論動物,
가끔 噴水같은 冷침을 억지로 삼키기에
精力을 浪費합니다. ​零下로 손구락질 할 수돌네 房처럼 치운 겨울보다
해바라기 滿發한 八月校庭이 理想곺소이다.
피끓을 그날이——
어제는 막 소낙비가 퍼붓더니 오늘은 좋은 날세올시다.
동저고리 바람에 언덕으로, 숲으로 하시구려——
이렇게 가만 가만 혼자서 귓속이야기를 하였읍니다.
나는 또 내가 모르는 사이에——
나는 아마도 眞實한 世紀의 季節을 따라—— ​하늘만 보이는 울타리 안을 뛰쳐,
歷史같은 포지슌을 지켜야 봅니다.




一九三七•七•一




"
43,풍경,"
​
風景


 

봄바람을 등진 초록빛 바다
쏟아질듯 쏟아질듯 위트롭다.
​잔주름 치마폭의 두둥실거리는 물결은,
오스라질듯 한끝 輕快롭다.
마스트끝에 붉은 旗ㅅ발이
女人의 머리칼처럼 나부낀다.
☆☆
이 생생한 風景을 앞세우며 뒤세우며
외—ㄴ 하로 거닐고 싶다.
——우중충한 五月하늘 아래로,
——바다빛 포기포기에 繡놓은 언덕으로,




一九三七•五•二九


"
44,달밤,"
​
달밤


흐르는 달의 흰 물결을 밀쳐
여윈 나무그림자를 밟으며
北邙山을 向한 발걸음은 무거웁고
孤獨을 伴侶한 마음은 슬프기도 하다.
누가 있어만 싶은 墓地엔 아무도 없고,
靜寂만이 군데군데 흰물결에 폭 젖었다.




一九三七•四•十五


"
45,장,"
​
장


이른 아침 아낙네들은 시들은 生活을
바구니 하나 가득 담아 이고……
업고 지고…… 안고 들고……
모여드오 자꾸 장에 모여드오.
가난한 生活을 골골이 버려놓고
밀려가고 밀려오고……
제마다 生活을 외치오…… 싸우오.
왼하로 올망졸망한 生活을
되질하고 저울질하고 자질하다가
날이 저물어 아낙네들이
쓴 生活과 바꾸어 또 이고 돌아가오.




一九三七• 봄


"
46,밤,"
​
밤


오양간 당나귀
아—ㅇ 외 마디 울음울고,
당나귀 소리에
으—아 아 애기 소스라처 깨고,
등잔에 불을 다오.
아버지는 당나귀에게 ​짚을 한키 담아 주고,
어머니는 애기에게
젖을 한모금 먹이고,
밤은 다시 고요히 잠드오.




一九三七•三•


"
47,황혼이 바다가 되어,"
​
黃昏이 바다가 되어


하로도 검푸른 물결에
흐느적 잠기고…… 잠기고……
저— 왼 검은 고기떼가
물든 바다를 날아 橫斷할고.
落葉이 된 海草
海草마다 슬프기도 하오. ​西窓에 걸린 해말간 風景畵.
옷고름 너어는 孤兒의 서름.
이제 첫 航海하는 마음을 먹고
방바닥에 나딩구오…… 딩구오……
黃昏이 바다가 되어
오늘도 數많은 배가
나와 함께 이 물결에 잠겼을게오.


一九三七•一



"
48,아침,"
​
아침


휙, 휙, 휙,
소꼬리가 부드러운 채찍질로
어둠을 쫓아,
캄, 캄, 어둠이 깊다깊다 밝으오.
이제 이 洞里의 아침이
풀살 오른 소엉덩이처럼 푸드오.
이 洞里 콩죽 먹은 사람들이
땀물을 뿌려 이 여름을 길렀오. ​잎, 잎, 풀잎마다 땀방울이 맺혔오.
구김살 없는 이 아침을
深呼吸하오 또 하오.


一九三六





"
49,빨래,"
​
빨래


빨래줄에 두 다리를 드리우고
횐 빨래들이 귓속 이야기 하는 午後,
쨍쨍한 七月햇발은 고요히도
아담한 빨래에만 달린다.


一九三六





"
50,꿈은 깨어지고,"
​
꿈은 깨어지고


잠은 눈을 떴다
그윽한 幽霧에서.
노래 하든 종달이
도망쳐 날아나고,
지난날 봄타령하든
금잔디밭은 아니다.
塔은 무너졌다, ​붉은 마음의 塔이——
손톱으로 새긴 大理石塔이——
하로저녁 暴風에 餘地없이도,
오오 荒廢의 쑥밭,
눈물과 목메임이여!
꿈은 깨어졌다
탑은 무너졌다.




一九三六,七,二七


"
51,산림,"
​
山林


時計가 자근자근 가슴을 따려
不安한 마음을 山林이 부른다.
千年 오래인 年輪에 짜들은 幽暗한 山林이,
고달픈 한몸을 抱擁할 因緣을 가졌나보다.
山林의 검은 波動우으로부터
어둠은 어린 가슴을 짓밟고 ​이파리를 흔드는 저녁바람이
솨— 恐怖에 떨게한다.
멀리 첫여름의 개고리 재질댐에
흘러간 마을의 過去는 아질타.
나무틈으로 반짝이는 별만이
새날의 希望으로 나를 이끈다.


一九三六•六•二六



"
52,이런날,"
​
이런날


사이좋은 正門의 두 돌기둥 끝에서
五色旗와 太陽旗가 춤을 추는 날,
금을 그은 地域의 아이들이 즐거워 하다.
아이들에게 하로의 乾燥한 學課로
해말간 倦怠가 깃들고
「矛盾」 두자를 理解치 못하도록
머리가 單純하였구나. ​이런 날에는
잃어 버린 頑固하던 兄을
부르고 싶다.


一九三六•六•一〇



"
53,산상,"
​
山上


거리가 바둑판처럼 보이고,
江물이 배암의 새끼처럼 기는
山우에까지 왔다.
아직쯤은 사람들이
바둑돌처럼 버려있으리라.
한나절의 太陽이
함석지붕에만 비치고,
굼벙이 걸음을 하든 汽車가 ​停車場에 섰다가 검은 내를 吐하고
또 걸음발을 탄다.
텐트같은 하늘이 무너져
이 거리를 덮을가 궁금하면서
좀더 높은데로 올라가고 싶다.


一九三六•五



"
54,양지쪽,"
​
陽地쪽


저쪽으로 黃土 실은 이땅 봄바람이
胡人의 물레바퀴처럼 돌아 지나고
아롱진 四月太陽의 손길이
壁을 등진 섫은 가슴마다 올올히 만진다.
地圖째기 놀음에 뉘 땅인줄 모르는 애 둘이
한 뼘 손가락이 짧음을 恨함이어 ​아서라! 가뜩이나 엷은 平和가
깨어질까 근심스럽다.


一九三六• 六



"
55,닭,"
​
닭


한間 鷄舍 그넘어 蒼空이 깃들어
自由의 鄕土를 잊은 닭들이
시들은 生活을 주잘대고
生産의 苦勞를 부르짖었다.
陰酸한 鷄舍에서 쏠려나온
外來種 레구홍,
學園에서 새무리가 밀려나오는
三月의 맑은 午後도 있다. ​닭들은 녹아드는 두엄을 파기에
雅淡한 두 다리가 奔走하고
굶주렸던 주두리가 바즈런하다.
두눈이 붉게 여므도록——


一九三六•봄



"
56,가슴 1,"
​
가슴 1


소리 없는 북,
답답하면 주먹으로
뚜다려 보오.
그래 봐도
후—
가아는 한숨보다 못하오.


一九三六•三•二五平壤에서



"
57,가슴 2,"
​
가슴 2


불 꺼진 火독을
안고 도는 겨울밤은 깊었다.
재(灰)만 남은 가슴이
문풍지 소리에 떤다.


一九三六•七•二四



"
58,비둘기,"
​
비둘기


안아보고싶게 귀여운
산비들기 일곱마리
하늘끝까지 보일듯이 맑은 공일날 아침에
벼를 거두어 빤빤한 논에
앞을 다투어 모이를 주으며
어려운 이야기를 주고 받으오
날신한 두나래로 조용한 공기를 흔들어 ​두마리가 나오
집에 새끼 생각이 나는 모양이오.


一九三六•三•一〇



"
59,황혼,"
​
黃昏


햇살은 미닫이 틈으로
길죽한 一字를 쓰고…… 지우고……
까마귀떼 지붕 우으로
둘, 둘, 셋, 넷, 자꼬 날아 지난다.
쑥쑥, 꿈틀꿈틀 北쪽 하늘로,
내사………
北쪽 하늘에 나래를 펴고 싶다.


一九三六•二•二五平壤에서



"
60,남쪽 하늘,"
​
南쪽 하늘


제비는 두 나래를 가지었다.
시산한 가을날——
어머니의 젖가슴이 그리운
서리 나리는 저녁——
어린 靈은 쪽나래의 鄕愁를 타고
南쪽 하늘에 떠 돌뿐——


一九三五•一〇平壤에서



"
61,창공,"
​
蒼空


그 여름날
熱情의 포푸라는
오려는 蒼空의 푸른 젖가슴을
어루만지려
팔을 펼쳐 흔들거렸다.
끓는 太陽그늘 좁다란 地點에서
天幕같은 하늘밑에서
떠들던, 소나기
그리고 번개를, ​춤추든 구름은 이끌고
南方으로 도망하고,
높다랗게 蒼空은 한폭으로
가지우에 퍼지고
둥근달과 기러기를 불러왔다.
푸드른 어린마음이 理想에 타고,
그의 憧憬의날 가을에
凋落의 눈물을 비웃다.


一九三五•一〇•二〇平壤에서



"
62,거리에서,"
​
거리에서


달밤의 거리
狂風이 휘날리는
北國의 거리
都市의 眞珠
電燈밑을 헤염치는
조그만 人魚 나,
달과 전등에 비쳐
한몸에 둘셋의 그림자,
커졌다 작아졌다. ​괴롬의 거리
灰色빛 밤거리를
걷고 있는 이 마음
旋風이 일고 있네
외로우면서도
한갈피 두갈피
피어나는 마음의 그림자,
푸른 空想이
높아졌다 낮아졌다.


一九三五•一•一八



"
63,삶과 죽음,"
​
삶과 죽음


삶은 오늘도 죽음의 序曲을 노래하였다.
이 노래가 언제나 끝나랴
세상사람은——
뼈를 녹여내는듯한 삶의 노래에
춤을 춘다.
사람들은 해가 넘어가기전
이 노래 끝의 恐怖를
생각할 사이가 없었다. ​하늘 복판에 알새기 듯이
이 노래를 부른者가 누구뇨
그리고 소낙비 그친뒤같이도
이 노래를 그친者가 누구뇨
죽고 뼈만 남은
죽음의 勝利者 偉人들!


一九三四•一二•二四



"
64,초 한대,"
​
초 한대


초 한대——
내방에 품긴 향내를 맡는다.
光明의 祭壇이 무너지기전
나는 깨끗한 祭物을 보았다.
염소의 갈비뼈같은 그의 몸,
그의 生命인 心志까지
白玉같은 눈물과 피를 흘려
불살려 버린다. ​그리고도 책상머리에 아롱거리며
선녀처럼 촛불은 춤을 춘다.
매를 본 꿩이 도망하듯이
暗黑이 창구멍으로 도망한
나의 방에 품긴
祭物의 偉大한 香내를 맛보노라.


一九三四•一二•二四



"
65,산울림,"
​
산울림


까치가 울어서
산울림,
아무도 못들은
산울림,
까치가 들었다,
산울림,
저혼자 들었다,
산울림,


一九三八•五



"
66,해바라기 얼굴,"
​
해바라기 얼굴


누나의 얼굴은
해바라기 얼굴
해가 금방 뜨자
일터에 간다.
해바라기 얼굴은
누나의 얼굴
얼굴이 숙어들어

집으로 온다.

"
67,귀뜨라미와 나와,"
​
귀뜨라미와 나와


귀뜨라미와 나와
잔디밭에서 이야기 했다.
귀뜰귀뜰
귀뜰귀뜰
아무게도 아르켜 주지말고
우리둘만 알자고 약속했다. ​귀뜰귀뜰
귀뜰귀뜰
귀뜨라미와 나와

달밝은 밤에 이야기했다.

"
68,애기의 새벽,"
​
애기의 새벽


우리집에는
닭도 없단다.
다만
애기가 젖달라 울어서
새벽이 된다.
우리집에는
시계도 없단다.
다만 ​애기가 젖달라 보채어

새벽이 된다.

"
69,햇빛·바람,"
​
햇빛·바람


손가락에 침발러
쏘옥, 쏙, 쏙.
장에 가는 엄마 내다보려
문풍지를
쏘옥, 쏙, 쏙,
아침에 햇빛이 빤짝,
손가락에 침발러 ​쏘옥, 쏙, 쏙,
장에 가신 엄마 돌아오나
문풍지를
쏘옥, 쏙, 쏙,

저녁에 바람이 솔솔,

"
70,반디불,"
​
반디불


가자 가자 가자
숲으로 가자
달조각을 주으려
숲으로 가자.
그믐밤 반디불은
부서진 달조각,
가자 가자 가자 ​숲으로 가자
달조각을 주으려

숲으로 가자.

"
71,둘 다,"
​
둘 다


바다도 푸르고
하늘도 푸르고
바다도 끝없고
하늘도 끝없고
바다에 돌던지고
하늘에 침뱉고 ​바다는 벙글

하늘은 잠잠.

"
72,거짓부리,"
​
거짓부리


똑, 똑, 똑,
문좀 열어 주세요
하루밤 자고 갑시다.
밤은 깊고 날은 추운데
거 누굴까?
문열어 주고 보니
검둥이의 꼬리가
거짓부리한걸. ​꼬기요, 꼬기요,
달걀 낳았다.
간난아 어서 집어 가거라
간난이 뛰어가 보니
달걀은 무슨 달걀,
고놈의 암탉이
대낮에 새빨간

거짓부리 한걸.

"
73,눈,"
​
눈


지난밤에
눈이 소오복이 왔네
지붕이랑
길이랑 밭이랑
추워 한다고
덮어주는 이불인가바
그러기에
추운 겨을에만 나리지


一九三六•一二•



"
74,참새,"
​
참새


가을지난 마당은 하이얀종이
참새들이 글씨를 공부하지요.
째액째액 입으로 받아읽으며
두발로는 글씨를 연습하지요.
하로종일 글씨를 공부하여도
짹자한자 밖에는 더못쓰는걸.


一九三六一•二•



"
75,버선본,"
​
버선본


어머니
누나 쓰다버린 습자지는
두었다간 뭣에 쓰나요?
그런줄 몰랐드니
습자지에다 내버선 놓고
가위로 오려
버선본 만드는걸. ​어머니
내가 쓰다버린 몽당연필은
두었다간 뭣에 쓰나요?
그런줄 몰랐드니
천우에다 버선본 놓고
침발려 점을 찍곤
내버선 만드는걸.


一九三六•一二



"
76,편지,"
​
편지


누나!
이 겨을에도
눈이 가득히 왔읍니다.
흰 봉투에
눈을 한줌 넣고
글씨도 쓰지 말고
우표도 붙이지 말고
말숙하게 그대로 ​편지를 부칠가요?
누나 가신 나라엔

눈이 아니 온다기에.

"
77,봄,"
​
봄


우리 애기는
아래발치에서 코올코올,
고양이는
부뜨막에서 가릉가릉,
애기 바람이
나무가지에서 소올소올, ​아저씨 햇님이
하늘한가운데서 째앵째앵.


一九三六•一〇



"
78,무얼 먹구 사나,"
​
무얼 먹구 사나


바닷가 사람
물고기 잡아 먹고 살고
산골엣 사람
감자 구어 먹고 살고
별나라 사람
무얼 먹고 사나.


一九三六•一〇



"
79,굴뚝,"
​
굴뚝


산골작이 오막사리 낮은 굴뚝엔
몽기몽기 웨인연기 대낮에 솟나,
감자를 굽는게지 총각애들이
깜박깜박 검은눈이 모여 앉어서
입술에 꺼멓게 숯을 바르고
옛이야기 한커리에 감자 하나씩.
산골작이 오막사리 낮은 굴뚝엔
살랑살랑 솟아나네 감자 굽는내.


一九三六•가을



"
80,햇비,"
​
햇비


아씨처럼 나린다
보슬보슬 해ㅅ비
맞아주자 다같이
옥수숫대 처럼 크게
닷자엿자 자라게
햇님이 웃는다
나보고 웃는다.
하늘다리 놓였다 ​알롱알롱 무지개
노래하자 즐겁게
동무들아 이리 오나
다같이 춤을추자
햇님이 웃는다
즐거워 웃는다


一九三六•九•九



"
81,빗자루,"
​
빗자루


요오리 조리 베면 저고리 되고
이이렇게 베면 큰 총되지.
누나하고 나하고
가위로 종이 쏠았더니
어머니가 빗자루 들고
누나하나 나하나
엉덩이를 때렸소
방바닥이 어지럽다고—— ​아아니 아니
고놈의 빗자루가
방바닥 쓸기 싫으니
그랬지 그랬어
괘씸하여 벽장속에 감췄드니
이튼날 아침 빗자루가 없다고
어머니가 야단이지요.


一九三六•九•九



"
82,기왓장 내외,"
​
기왓장 내외


비오는날 저녁에 기왓장내외
잃어버린 외아들 생각나선지
꼬부라진 잔등을 어루만지며
쭈룩쭈룩 구슬피 울음웁니다.
대궐지붕 위에서 기왓장내외
아름답든 옛날이 그리워선지
주름잡힌 얼굴을 어루만지며

물끄럼히 하늘만 쳐다봅니다.

"
83,오줌싸개지도,"
​
오줌싸개지도


빨래줄에 걸어논
요에다 그린지도
지난밤에 내동생
오줌싸 그린지도
꿈에 가본 엄마계신
별나라 지돈가?
돈벌러간 아빠계신
만주땅 지돈가?


一九三六•



"
84,병아리,"
​
병아리


「뾰, 뾰, 뾰
엄마 젖 좀 주」
병아리 소리.
「꺽, 꺽, 꺽,
오냐 좀 기다려」
엄마닭 소리.
좀 있다가 ​병아리들은
엄마품 속으로
다 들어 갔지요.


一九三六•一•六



"
85,조개껍질,"
​
조개껍질


아롱아롱 조개껍대기
울언니 바다가에서
주어온 조개껍대기
여긴여긴 북쪽나라요
조개는 귀여운선물
장난감 조개껍대기
데굴데굴 굴리며놀다 ​짝잃은 조개껍대기
한짝을 그리워하네
아롱아롱 조개껍대기
나처럼 그리워하네
물소리 바다물소리.


一九三五•一二



"
86,겨울,"
​
겨울


처마 밑에
시래기 다래미
바삭바삭
추어요.
길바닥에
말똥 동그램이
달랑달랑

얼어요.

"
87,트루게네프의 언덕,"
​
트루게네프의 언덕


나는 고개길을 넘고 있었다…… 그 때 세 少年거지가 나를 지나쳤다.
첫재 아이는 잔등에 바구니를 둘러메고, 바구니 속에는 사아다병, 간즈메통, 쇳조각, 헌 양말짝等 廢物이 가득하였다.
둘재 아이도 그러하였다.
셋재 아이도 그러하였다.
텁수룩한 머리털 시커먼 얼굴에 눈물 고인 充血된 눈, 色잃어 푸르스럼한 입술, 너들너들한 襤褸, 찢겨진 ​맨발,
아아 얼마나 무서운 가난이 이 어린 少年들을 삼키였느냐!
나는 惻隱한 마음이 움직이였다.
나는 호주머니를 뒤지었다. 두툼한 지갑, 時計, 손수건, …… 있을 것은 죄다 있었다.
그러나 무턱대고 이것들을 내줄 勇氣는 없었다. 손으로 만지작 만지작 거릴뿐이었다.
多情스레 이야기나 하리라하고 「얘들아」 불러보았다.
첫재 아이가 充血된 눈으로 흘끔 돌아다 볼뿐이었다.
둘째아이도 그러할 뿐이었다. ​셋째아이도 그러할뿐이었다.
그리고는 너는 相關없다는듯이 自己네 끼리 소근소근 이야기하면서 고개로 넘어 갔다.
언덕우에는 아무도 없었다.
짙어가는 黃昏이 밀려들뿐


一九三九•九



"
88,달을 쏘다,"
​
달을 쏘다


번거롭던 四圍가 잠잠해 지고 時計소리가 또렷하나 보니 밤은 저윽히 깊을대로 깊은 모양이다. 보든 冊子를 冊床 머리에 밀어놓고 잠자리를 수습한 다음 잠옷을 걸치는 것이다. 「딱」 스윗치 소리와 함께 電燈을 끄고 窓역의 寢臺에 드러누으니 이때까지 밖은 휘양찬 달밤이었든 것을 感覺치 못하였었다. 이것도 밝은 電燈의 惠澤이었을가.
나의 陋醜한 房이 달빛에 잠겨 아름다운 그림이 된다는 것보담도 오히려 슬픈 船艙이 되는 것이다. 창살이 이마로부터 코마루, 입술, 이렇게 하얀 가슴에 여민 ​손등에까지 어른거려 나의 마음을 간지르는 것이다. 옆에 누은 분의 숨소리에 房은 무시무시해 진다. 아이처럼 황황해지는 가슴에 눈을 치떠서 밖을 내다보니 가을하늘은 역시 맑고 우거진 松林은 한폭의 墨畵다. 달빛은 솔가지에 솔가지에 쏟아져 바람인양 솨— 소리가 날듯하다. 들리는 것은 時計소리와 숨소리와 귀또리울음뿐 벅쩍 고딘 寄宿舍도 절깐보다 더 한층 고요한 것이 아니냐?
나는 깊은 思念에 잠기우기 한창이다. 따는 사랑스런 아가씨를 私有할수 있는 아름다운 想華도 좋고, 어린쩍 未練을 두고 온 故鄕에의 鄕愁도 좋거니와 그보담 손쉽게 表現못할 深刻한 그 무엇이 있다.
바다를 건너 온 H君의 편지사연을 곰곰 생각할수록 ​사람과 사람사이의 感情이란 微妙한 것이다. 感傷的인 그에게도 必然코 가을은 왔나 보다.
편지는 너무나 지나치지 않았던가. 그中 한토막,
「君아 나는 지금 울며울며 이 글을 쓴다. 이 밤도 달이 뜨고, 바람이 불고, 人間인 까닭에 가을이란 흙냄새도 안다. 情의 눈물, 따뜻한 藝術學徒였던 情의 눈물도 이 밤이 마지막이다.」
또 마지막 켠으로 이런 句節이 있다.
「당신은 나를 永遠히 쫓아버리는 것이 正直할 것이오.」
나는 이 글의 뉴안쓰를 解得할수 있다. 그러나 事實 나는 그에게 아픈 소리 한 마디 한 일이 없고 설은 글 한쪽 보낸 일이 없지 아니한가. 생각컨대 이 罪는 ​다만 가을에게 지워 보낼수 밖에 없다.
紅顔書生으로 이런 斷案을 나리는 것은 외람한 일이나 동무란 한낱 괴로운 存在요 友情이란 진정코 위태로운 잔에 떠 놓은 물이다. 이 말을 反對할者 누구랴. 그러나 知己 하나 얻기 힘든다 하거늘 알뜰한 동무 하나 잃어버린다는 것이 살을 베어내는 아픔이다.
나는 나를 庭園에서 發見하고 窓을 넘어 나왔다든가 房門을 열고 나왔다든가 왜 나왔느냐 하는 어리석은 생각에 頭腦를 괴롭게 할 必要는 없는 것이다. 다만 귀뜨람이 울음에도 수집어지는 코쓰모쓰 앞에 그윽히 서서 딱터·삐링스의 銅像 그림자처럼 슬퍼지면 그만이다. 나는 이 마음을 아무에게나 轉嫁시킬 심보는 없다. 옷깃은 敏感이어서 달빛에도 싸늘히 추어지고 가을  ​이슬이란 선득선득하여서 설은 사나이의 눈물인 것이다.
발걸음은 몸둥이를 옮겨 못가에 세워줄때 못속에도 역시 가을이 있고, 三更이 있고, 나무가 있고, 달이 있다.
그 刹那 가을이 怨望스럽고 달이 미워진다. 더듬어 돌을 찾어 달을 向하야 죽어라고 팔매질을 하였다. 痛快! 달은 散散히 부서지고 말았다. 그러나 놀랏든 물결이 자자들때 오래잖아 달은 도로 살아난 것이 아니냐, 문득 하늘을 쳐다보니 얄미운 달은 머리우에서 빈정대는 것을………
나는 곳곳한 나무가지를 고나 띠를 째서 줄을 메워 훌륭한 활을 만들었다. 그리고 좀 탄탄한 갈대로 화살을 삼아 武士의 마음을 먹고 달을 쏘다.


一九三八•一〇



"
89,별똥 떨어진데,"
​
별똥 떨어진데


밤이다.
하늘은 푸르다 못해 濃灰色으로 캄캄하나 별들만은 또렷또렷 빛난다. 침침한 어둠뿐만 아니라 오삭오삭 춥다. 이 육중한 氣流가운데 自嘲하는 한 젊은이가 있다. 그를 나라고 불러두자.
나는 이 어둠에서 胚胎되고 이 어둠에서 生長하여서 아직도 이 어둠속에 그대로 生存하나 보다. 이제 내가 갈 곳이 어딘지 몰라 허우적거리는 것이다. 하기는 나는 世紀의 焦點인듯 憔悴하다. 얼핏 생각하기에는 내 바닥을 반듯이 받들어 주는 것도 없고 그렇다고 내 머리를 갑박이 나려누르는 아모것도 없는 듯하다 마는 內幕은  ​그렇지도 않다. 나는 도무지 自由스럽지 못하다. 다만 나는 없는듯 있는 하로사리처럼 虛空에 浮遊하는 한點에 지나지 않는다. 이것이 하로사리 처럼 輕快하다면 마침 多幸할 것인데 그렇지를 못하구나!
이 點의 對稱位置에 또하나 다른 밝음(明)의 焦點이 도사리고 있는듯 생각킨다. 덥석 웅키었으면 잡힐듯도 하다.
마는 그것을 휘잡기에는 나 自身이 鈍質이라는것보다 오히려 내 마음에 아무런 準備도 배포치 못한것이 아니냐. 그리고 보니 幸福이란 별스런 손님을 불러 들이기에도 또다른 한가닥 구실을 치르지 않으면 안될가 보다.
이밤이 나에게 있어 어린적처럼 한낱 恐怖의 장막인 ​것은 벌서 흘러간 傳說이오. 따라서 이밤이 享樂의 도가니라는 이야기도 나의 念願에선 아직 消化시키지 못할 돌덩이다. 오로지 밤은 나의 挑戰의 好敵이면 그만이다.
이것이 생생한 觀念世界에만 머물은다면 애석한 일이다. 어둠속에 깜박깜박 조을며 다닥다닥 나라니한 草家들이 아름다운 詩의 華詞가 될수 있다는 것은 벌서 지나간 쩨네레슌의 이야기요, 오늘에 있어서는 다만 말못하는 悲劇의 背景이다.
이제 닭이 홰를 치면서 맵짠 울음을 뽑아 밤을 쫓고 어둠을 즛내몰아 동켠으로 훠—ㄴ히 새벽이란 새로운 손님을 불러온다 하자. 하나 輕妄스럽게 그리 반가워할 것은 없다. 보아라 假令 새벽이 왔다 하더래도 이 ​마을은 그대로 暗澹하고 나도 그대로 暗澹하고 하여서 너나 나나 이 가랑지길에서 躊躇 躊躇 아니치 못할 存在들이 아니냐.
나무가 있다.
그는 나의 오랜 이웃이요 벗이다. 그렇다고 그와 내가 性格이나 環境이나 生活이 共通한데 있어서가 아니다. 말하자면 極端과 極端사이에도 愛情이 貫通할수 있다는 奇蹟的인 交分의 標本에 지나지 못할 것이다.
나는 처음 그를 퍽 不幸한 存在로 가소롭게 여겼다. 그의 앞에 설때 슬퍼지고 惻隱한 마음이 앞을 가리군 하였다. 마는 돌이켜 생각컨대 나무처럼 幸福한 生物은 다시 없을듯 하다. 굳음에는 이루 비길데 없는 바위에도 그리 탐탁치는 못할망정 滋養分이 있다 하거늘  ​어디로 간들 生의 뿌리를 박지 못하며 어디로 간들 生活의 不平이 있을소냐, 칙칙하면 솔솔 솔바람이 불어오고, 심심하면 새가 와서 노래를 부르다 가고, 촐촐하면 한줄기 비가 오고, 밤이면 數많은 별들과 오손도손 이야기 할수 있고———보다 나무는 行動의 方向이란 거치장스런 課題에 逢着하지 않고 人爲的으로든 偶然으로서든 誕生시켜 준 자리를 지켜 無盡無窮한 營養素를 吸取하고 玲瓏한 햇빛을 받아드려 손쉽게 生活을 營爲하고 오로지 하늘만 바라고 뻗어질수 있는것이 무엇보다 幸福스럽지 않으냐.
이밤도 課題를 풀지 못하야 안타까운 나의 마음에 나무의 마음이 漸漸 옮아오는듯 하고, 行動할수 있는 자랑을 자랑치 못함에 뼈저리듯 하나 나의 젊은 先輩의 ​雄辯에 曰 先輩도 믿지못할 것이라니 그러면 怜悧한 나무에게 나의 方向을 물어야 할것인가.

어디로 가야 하느냐 東이 어디냐 西가 어디냐 南이 어디냐 北이 어디냐 아차! 저별이 번쩍 흐른다. 별똥 떨어진 데가 내가 갈곳인가 보다. 하면 별똥아! 꼭 떨어져야할 곳에 떨어져야 한다.

"
90,화원에 꽃이 핀다,"
​
花園에 꽃이 핀다


개나리, 진달래, 안즌방이, 라이락, 문들레, 찔레, 복사, 들장미, 해당화, 모란, 릴리, 창포, 추립, 카네슌, 봉선화, 백일홍, 채송화, 다리아, 해바라기, 코쓰모쓰——— 코쓰모쓰가 홀홀히 떨어지는날 宇宙의 마지막은 아닙니다. 여기에 푸른하늘이 높아지고 빨간 노란 당풍이 꽃에 못지않게 가지마다 물들었다가 귀또리울음이 끊어짐과함께 단풍의 세계가 무너지고 그 우에 하로밤 사이에 소복이 흰눈이 나려나려 쌓이고 火爐에는 빨간 숯불이 피어오르고 많은 이야기와 많은 일이 이 화로가에서 이루어집니다.


 ​讀者諸賢! 여러분은 이글이 씨워지는 때를 獨特한 季節로 짐작해서는 아니됩니다. 아니, 봄, 여름, 가을, 겨을, 어느 철로나 想定하셔도 無妨합니다. 사실 一年 내내 봄일수는 없읍니다. 하나 이 花園에는 사철내 봄이 靑春들과 함께 싱싱하게 등대하여 있다고 하면 過分한 自己宣傳일가요. 하나의 꽃밭이 이루어지도록 손쉽게 되는 것이 아니라 고생과 努力이 있어야 하는 것입니다. 따는 얼마의 單語를 모아 이 拙文을 지적거리는 데도 내 머리는 그렇게 明晳한 것은 못됩니다. 한해동안을 내 頭腦로서가 아니라 몸으로서 일일히 헤아려 細胞사이마다 간직해 두어서야 몇줄의 글이 일우어집니다. 그리하야 나에게 있어 글을 쓴다는 것이 그리 즐거운 일일수는 없읍니다. 봄바람의 苦悶에 짜들고 綠陰의 倦怠에 시들고, ​가을하늘 感傷에 울고, 爐邊의 思索에 졸다가 이 몇줄의 글과 나의 花園과 함께 나의 一年은 이루어 집니다.
시간을 먹는다는 (이말의 意義와 이말의 妙味는 칠판 앞에 서보신 분과 칠판밑에 앉아 보신 분은 누구나 아실것입니다) 것은 確實히 즐거운 일임에 틀림 없읍니다. 하루를 休講한다는것보다 (하긴 슬그머니 까먹어 버리면 그만이지만) 다못 한시간, 宿題를 못해왔다든가 따분하고 졸리고 한때, 한시간의 休講은 진실로 살로 가는 것이어서, 萬一 敎授가 不便하여서 못나오셨다고 하더라도 미처 우리들의 禮儀를 갖출 사이가 없는 것입니다. 그러나 이것을 우리들의 망발과 時間의 浪費라고 速斷하셔서 아니됩니다. 여기에 花園이 있읍니다. 한포기 ​푸른 풀과 한떨기의 붉은 꽃과 함께 웃음이 있읍니다. 노—트장을 적시는 것보다 汗牛充棟에 무쳐 글줄과 씨름 하는 것보다 더 正確한 眞理를 探求할수 있을런지, 보다 더 많은 知識을 獲得할수 있을런지, 보다 더 效果的인 成果가 있을지를 누가 否認하겠읍니까.
나는 이 貴한 時間을 슬그머니 동무들을 떠나서 단 혼자 花園을 거닐수 있읍니다. 단 혼자 꽃들과 풀들과 이야기할수 있다는 것이 얼마나 多幸한 일이겠읍니까. 참말 나는 溫情으로 이들을 대할수 있고 그들은 나를 웃음으로 나를 맞어 줍니다. 그 웃음을 눈물로 對한다는 것은 나의 感傷일가요. 孤獨, 靜寂도 確實히 아름다운 것임에 틀림이 없으나, 여기에 또 서로 마음을 주는 동무가 있는 것도 多幸한 일이 아닐수 없읍니다. 우리  ​花園속에 모인 동무들 중에, 집에 學費를 請求하는 편지를 쓰는 날 저녁이면 생각하고 생각하든 끝 겨우 몇 줄 써 보낸다는 A君, 기뻐해야할 書留(通稱月給封套)를 받어든 손이 떨린다는 B君, 사랑을 爲하야서는 밥맛을 잃고 잠을 잊어버린다는 C君, 思想的撞着에 自殺을 期約한다는 D君…… 나는 이 여러 동무들의 갸륵한 心情을 내것인 것처럼 理解할수 있읍니다. 서로 너그러운 마음으로 對할수 있읍니다.
나는 世界觀, 人生觀, 이런 좀더 큰 問題보다 바람과 구름과 햇빛과 나무와 友情, 이런것들에 더 많이 괴로워해 왔는지도 모르겠읍니다. 단지 이 말이 나의  ​逆說이나, 나自身을 흐리우는데 지날뿐일가요. 一般은 現代 學生道德이 腐敗했다고 말합니다. 스승을 섬길줄을 모른다고들 합니다. 옳은 말씀들입니다. 부끄러울 따름입니다. 하나 이 결함을 괴로워하는 우리들 어깨에 지워 曠野로 내쫓아 버려야 하나요, 우리들의 아픈데를 알아주는 스승, 우리들의 생채기를 어루만져주는 따뜻한 世界가 있다면 剝脫된 道德일지언정 기우려 스승을 眞心으로 尊敬하겠읍니다. 溫情의 거리에서 원수를 만나면 손목을 붙잡고 목놓아 울겠읍니다.
世上은 해를 거듭 砲聲에 떠들석하건만 극히 조용한 가운데 우리들 동산에서 서로 融合할수 있고 理解할수  ​있고 從前의 ×가 있는 것은 時勢의 逆効果일까요.
봄이 가고, 여름이 가고, 가을, 코쓰모쓰가 홀홀이 떨어지는 날 宇宙의 마지막은 아닙니다. 단풍의 世界가 있고———履霜而堅氷至———서리를 밟거든 어름이 굳어질 것을 각오하라가 아니라, 우리는 서리발에 끼친 落葉을 밟으면서 멀리 봄이 올것을 믿습니다.

爐邊에서 많은 일이 이뤄질것입니다.

"
91,종시,"
​
終始


終点이 始点이 된다. 다시 始点이 終点이 된다.
아침 저녁으로 이 자국을 밟게 되는데 이 자국을 밟게 된 緣由가 있다. 일즉이 西山大師가 살았을듯한 우거진 松林 속, 게다가 덩그러시 살림집은 외따로 한채뿐이었으나, 食口로는 굉장한것이어서 한 지붕 밑에서 八道사투리를 죄다 들을 만큼 모아놓은 미끈한 壯丁들만이 욱실욱실 하였다. 이곳에 法令은 없었으나 女人禁納區였다. 萬一 强心臟의 女人이 있어 不意의 侵入이 있다면 우리들의 好奇心을 저윽히 자아내었고 房마다 새로운 話題가 생기군 하였다. 이렇듯 修道生活에 나는 소라속처럼 安堵하였든 것이다.


 ​事件이란 언제나 큰데서 動機가 되는것보다 오히려 적은데서 더 많이 發作하는 것이다.
눈 온 날이었다. 同宿하는 친구의 친구가 한時間 남짓한 門안 들어가는 車時間까지를 浪費하기 爲하야 나의 친구를 찾어 들어와서 하는 對話였다.
「자네 여보게 이집 귀신이 되려나?」
「조용한게 공부하기 자키나 좋잖은가」
「그래 책장이나 뒤적뒤적하면 공분줄 아나, 電車간에서 내다 볼수있는 光景, 停車場에서 맛볼수있는 光景, 다시 汽車 속에서 對할수 있는 모든 일들이 生活아닌것이 없거든. 生活때문에 싸우는 이 雰圍氣에 잠겨서, 보고, 생각하고, 分析하고, 이거야 말로 眞正한 의미의 敎育이 아니겠는가. 여보게! 자네 책장만 뒤지고  ​人生이 어드렇니 社會가 어드렇니 하는것은 十六世紀에서나 찾어볼 일일세, 斷然 門안으로 나오도록 마음을 돌리게」
나 한테 하는 勸告는 아니었으나 이 말에 귀틈이 뚫려 상푸둥 그러리라고 생각하였다. 非但 여기만이 아니라 人間을 떠나서 道를 닦는다는 것이 한낱 誤樂이오, 誤樂이매 生活이 될수 없고 生活이 없으매 이 또한 죽은 공부가 아니랴. 공부도 生活化하여야 되리라 생각하고 불일내에 門안으로 들어가기를 內心으로 斷定해 버렸다. 그뒤 每日같이 이 자국을 밟게 된 것이다.
나만 일직이 아침거리의 새로운 感觸을 맛볼줄만 알었더니 벌서 많은 사람들의 발자욱에 鋪道는 어수선할 대로 어수선했고 停留場에 머물때마다 이 많은 무리를 ​죄다 꾸역꾸역 자꾸 박아 싣는데 늙은이 젊은이 아이 할것 없이 손에 꾸러미를 안든 사람은 없다. 이것이 그들 生活의 꾸러미요, 同時에 倦怠의 꾸러민지도 모르겠다.
이 꾸러미를 든 사람들의 얼굴을 하나하나씩 뜯어 보기로 한다. 늙은이 얼굴이란 너무 오래 世波에 짜들어서 問題도 안되겠거니와 그 젊은이들 낯짝이란 도무지 말씀이 아니다. 열이면 열이 다 憂愁 그것이오, 百이면 百이 다 悲慘 그것이다. 이들에게 우슴이란 가믈에 콩싹이다. 필경 귀여우리라는 아이들의 얼굴을 보는수밖에 없는데 아이들의 얼굴이란 너무나 蒼白하다. 或시 宿題를 못해서 先生한테 꾸지람 들을 것이 걱정인지 풀이 죽어 쭈그러뜨린 것이 活氣란 도무지 찾아볼수 없다. 내 상도 必然코 그 꼴일텐데 내눈으로 그 꼴을 보지  ​못하는 것이 多幸이다. 萬一 다른 사람의 얼굴을 보듯 그렇게 자주 내 얼굴을 對한다고 할것 같으면 벌서 夭死하였을런지도 모른다.
나는 내눈을 疑心하기로 하고 斷念하자!
차라리 城壁우에 펼친 하늘을 쳐다보는 편이 더 痛快하다. 눈은 하늘과 城壁 境界線을 따라 자꾸 달리는 것인데 이 城壁이란 現代로서 캄푸라지한 옛 禁城이다. 이 안에서 어떤 일이 이루어졌으며 어떤 일이 行하여지고 있는지 城밖에서 살아왔고 살고 있는 우리들에게는 알바가 없다. 이제 다만 한가닥 希望은 이 城壁이 끊어지는 곳이다.
期待는 언제나 크게 가질것이 못되어서, 城壁이 끊어지는 곳에 總督府, 道廳, 무슨 參考舘, 遞信局, 新聞社, ​消防組 무슨 株式會社, 府廳, 洋服店, 古物商等 나란히 하고 연달아 오다가 아이스케크 看板에 눈이 잠간 머무는데 이놈을 눈 나린 겨울에 빈 집을 지키는 꼴이라든가, 제 身分에 맞지않은 가개를 지키는 꼴을 살작 필림에 올리어 본달것 같으면 한幅의 高等諷刺漫畵가 될터인데 하고 나는 눈을 감고 생각하기로 한다. 事實 요지음 아이스케이크看板 身勢를 免치 아니치 못할 者 얼마나 되랴. 아이스케이크 看板은 情熱에 불타는 炎署가 眞正코 아수롭다.
눈을 감고 한참 생각하느라면 한가지 꺼리끼리는 것이 있는데 이것은 道德律이란 거치장스러운 義務感이다. 젊은 녀석이 눈을 딱 감고 버티고 앉아 있다고 손구락질하는것 같아야 번쩍 눈을 떠 본다. 하나 가차이 ​慈善할 對象이 없음에 자리를 잃지 않겠다는 心情보다 오히려 아니꼽게 본 사람이 없으리란데 安心이 된다.
이것은 果斷性있는 동무의 主張이지만 電車에서 만난 사람은 원수요, 汽車에서 만난 사람은 知己라는 것이다. 따는 그러리라고 얼마큼 首肯하였었다. 한자리에서 몸을 비비적거리면서도 「오늘은 좋은 날세 올시다.」 「어디서 나리시나요」쯤의 인사는 주고 받을 법한데 一言半句없이 뚱—한 꼴들이 자키나 큰 원수를 맺고 지나는 사이들 같다. 만일 상냥한 사람이 있어 요만쯤의 禮儀를 밟는다고 할것 같으면 電車속의 사람들은 이를 精神異狀者로 대접할게다. 그러나 汽車에서는 그렇지않다. 名啣을 서로 바꾸고 故鄕 이야기, 行方 이야기를 거리낌없이 주고 받고 심지어 남의 旅勞를 自己의 旅勞인 것처럼  ​걱정하고, 이 얼마나 多情한 人生行路냐?
이러는 사이에 南大門을 지나쳤다. 누가 있어 「자네 每日같이 南大門을 두번씩 지날터인데 그래 늘 보군 하는가」라는 어리석은 듯한 멘탈테쓰트를 낸다면 나는 啞然해지지 않을수 없다. 가만히 記憶을 더듬어 본달것 같으면 늘이 아니라 이 자국을 밟은 以來 그 모습을 한번이라도 처다본적이 있었든것 같지않다. 하기는 나의 生活에 緊한 일이 아니매 當然한 일일게다. 하나 여기에 하나의 敎訓이 있다. 回數가 너무 잦으면 모든 것이 皮相的이 되어버리나니라.
이것과는 關聯이 먼 이야기 같으나 無聊한 時間을 까기 爲하야 한마디 하면서 지나가자.
시골서는 제노라고하는 양반이었든 모양인데 처음  ​서울 구경을 하고 돌아가서 며칠동안 배운 서울 말씨를 서뿔리 써가며 서울거리를 손으로 형용하고 말로서 떠버려 옮겨 놓드란데, 停車場에 턱 나리니 앞에 古色이 蒼然한 南大門이 반기는듯 가로 막혀 있고, 總督府집이 크고 昌慶苑에 百가지 禽獸가 봄즉했고, 德壽宮의 옛宮殿이 懷抱를 자아냈고, 和信 昇降機는 머리가 힝— 했고, 本町엔 電燈이 낮처럼 밝은데 사람이 물밀리듯 밀리고 電車란 놈이 윙윙 소리를 지르며 지르며 연달아 달리고— 서울이 自己 하나를 爲하야 이루워 진것처럼 우쭐 했는데 이것쯤은 있을듯한 일이다. 한데 게도 방정꾸러기가 있어
「南大門이란 懸板이 참 名筆이지요」
하고 물으니 對答이 傑作이다.


 ​「암 名筆이구 말구 南字 大字 門字 하나하나 살아서 막 꿈틀거리는것 같데」
어느 모로나 서울자랑하려는 이 양반으로서는 可當한 對答일게다. 이분에게 阿峴洞 고개 막바지에, ——아니 치벽한데 말고, ——가차이 鍾路 뒷골목에 무엇이 있든가를 물었드면 얼마나 當慌해 했으랴.
나는 終点을 始点으로 바꾼다.
내가 나린 곳이 나의 終点이오. 내가 타는 곳이 나의 始点이 되는 까닭이다. 이 짧은 瞬間 많은 사람들 속에 나를 묻는 것인데 나는 이네들에게 너무나 皮相的이 된다. 나의 휴매니티를 이네들에게 發揮해낸다는 재주가 없다. 이네들의 기쁨과 슬픔과 아픈데를 나로서는 測量한다는 수가 없는 까닭이다. 너무 漠然하다. 사람이란 ​사람이란 回數가 잦은데와 量이 많은데는 너무나 쉽게 皮相的이 되나보다. 그럴수록 自己하나 간수하기에 奔走하나 보다.
씨그날을 밟고 汽車는 왱— 떠난다. 故鄕으로 向한 車도 아니건만 空然히 가슴은 설렌다. 우리 汽車는 느릿느릿 가다 숨차면 假停車場에서도 선다. 每日같이 왼 女子들인지 주룽주룽 서 있다. 제마다 꾸러미를 안었는데 例의 그 꾸러민듯 싶다. 다들 芳年된 아가씨들인데 몸매로 보아하니 工場으로 가는 職工들은 아닌 모양이다. 얌전히들 서서 汽車를 기다리는 모양이다. 判斷을 기다리는 모양이다. 하나 輕妄스럽게 琉璃窓을 通하여 美人 判斷을 나려서는 안된다. 皮相的 法則이 여기에도 適用될지 모른다. 透明한듯하나 믿지못할 것이 琉璃다. 얼굴을 ​찌깨논듯이 한다든가 이마를 좁다랗게 한다든가 코를 말코로 만든다든가 턱을 조개 턱으로 만든다든가 하는 惡戱를 琉璃窓이 때때로 敢行하는 까닭이다. 判斷을 나리는 者에게는 別般 利害關係가 없다 손치더라도 判斷을 받는 當者에게 오려든 幸運이 逃亡갈런지를 누가 保障할소냐. 如何間 아무리 透明한 꺼풀일지라도 깨끗이 벳겨바리는것이 마땅할것이다.
이윽고 턴넬이 입을 버리고 기다리는데 거리 한가운데 地下鐵道도 아닌 턴넬이 있다는 것이 얼마나 슬픈 일이냐. 이 턴넬이란 人類歷史의 暗黑時代요 人生行路의 苦悶相이다. 空然히 바퀴소리만 요란하다. 구역날 惡質의 煙氣가 스며든다. 하나 未久에 우리에게 光明의 天地가 있다.


 ​턴넬을 벗어났을때 요즈음 複線工事에 奔走한 勞動者들을 볼수 있다. 아침 첫車에 나갔을때에도 일하고 저녁 늦車에 들어 올때에도 그네들은 그대로 일하는데 언제 始作하야 언제 그치는지 나로서는 헤아릴수 없다. 이네들이야말로 建設의 使徒들이다. 땀과 피를 애끼지않는다.
그 육중한 도락구를 밀면서도 마음만은 遙遠한데 있어 도락구 판장에다 서투른 글씨로 新京行이니 北京行이니 南京行이니 라고 써서 타고 다니는 것이 아니라 밀고 다닌다. 그네들의 마음을 엿볼수 있다. 그것이 苦力에 慰安이 안된다고 누가 主張하랴.

이제 나는 곧 終始를 바꿔야 한다. 하나 내車에도  ​新京行, 北京行, 南京行을 달고 싶다. 世界一週行이라고 달고 싶다. 아니 그보다도 眞正한 내故鄕이 있다면 故鄕行을 달겠다. 到着하여야할 時代의 停車場이 있다면 더 좋다.

"
